id,movie_id,image,original_title,title,release_year,rating,
1,663712,/b6IRp6Pl2Fsq37r9jFhGoLtaqHm.jpg,Terrifier 2,테리파이어 2,2022-10-06,7.1,
2,436270,/mEdMHGy1FfCUc7PskFO0tibm8jp.jpg,Black Adam,블랙 아담,2022-10-19,6.9,
3,732459,/kjFDIlUCJkcpFxYKtE6OsGcAfQQ.jpg,Blade of the 47 Ronin,Blade of the 47 Ronin,2022-10-25,6.7,
4,420634,/6PQqC4SbY910VvyVad6mvsboILU.jpg,Terrifier,테리파이어,2016-10-15,6.6,
5,675054,/pTxw4GFE3ZfzJfvuUsPyD5njAuI.jpg,MexZombies,MexZombies,2022-10-26,7.3,
6,985939,/8huJowZK1t7MNLEKo3dgLAxmiLW.jpg,Fall,폴: 600미터,2022-08-11,7.3,
7,717728,/aGBuiirBIQ7o64FmJxO53eYDuro.jpg,Jeepers Creepers: Reborn,Jeepers Creepers: Reborn,2022-09-15,5.7,
8,642885,/xpDdvIaTHn38F17pPseL1MQI05B.jpg,Hocus Pocus 2,호커스 포커스 2,2022-09-27,7.6,
9,86328,/gb6rq2nD0jRrN0dCzigg2MxXNsB.jpg,Terrifier,테리파이어,2011-08-09,6.5,
10,760161,/vKIhsEVEtLTwTkmLSDNi230Zr3Q.jpg,Orphan: First Kill,오펀: 천사의 탄생,2022-07-27,6.8,
11,575322,/iVwd4NKcvWIfxP36DsCBHd7lqEE.jpg,Звёздный разум,제미나이: 지구 최후의 날,2022-01-06,5.6,
12,354912,/6AANwKhjIEVyya95oW4IA6joL1Z.jpg,Coco,코코,2017-10-27,8.2,
13,928123,/ugiL6wIhl1OfPyv1gqLkTe45jLl.jpg,?津湖之水??,장진호지수문교,2022-02-01,6.4,
14,718930,/msh4N8dxHk4FeEPZ8VBqHQFQYjI.jpg,Bullet Train,불릿 트레인,2022-07-03,7.5,
15,532639,/aFVjf2zcFzoNgbDKDEHiIw2g1DR.jpg,Pinocchio,피노키오,2022-09-07,6.7,
16,960704,/qJD1kg5vrKKllZaZWyELVdxdbid.jpg,鋼の?金術師 完結編 最後の?成,강철의 연금술사 완결편: 최후의 연성,2022-06-24,6.3,
17,779782,/xr3oGJYQWLunuw7L5myo4VT8DBz.jpg,The School for Good and Evil,선과 악의 학교,2022-10-19,7.3,
18,848058,/kmCjZjm4CHuuJdwUdn3h93WqDdR.jpg,Cerdita,피기,2022-10-07,6.8,
19,916719,/g29dShv0wHJUvif2KPq039imds5.jpg,Code Name Banshee,코드 네임 밴쉬,2022-07-01,5,
20,616037,/un8ZDtx2SMwNwXRYy65aItnNjab.jpg,Thor: Love and Thunder,토르: 러브 앤 썬더,2022-07-06,6.7,
21,616820,/1ScxCajFdgMNWBn9BuFlB4sMTAJ.jpg,Halloween Ends,할로윈 엔드,2022-10-12,6.6,
22,879538,/qEu6qI5sVoIe10gD1BQBqxcNIW2.jpg,Crawlspace,크롤스페이스,2022-03-31,7.1,
23,791155,/8PsHogUfvjWPGdWAI5uslDhHDx7.jpg,Secret Headquarters,시크릿 헤드쿼터스,2022-08-12,6.9,
24,848791,/ydbm5Ad1nyZq7eywWsw82Wxdsgg.jpg,The Stranger,더 스트레인저,2022-10-06,6.1,
25,900667,/q9Ul66mQDGpAvqUrTZdSMSzym5w.jpg,ONE PIECE FILM RED,원피스 필름 레드,2022-08-06,7.3,
26,49046,/sNsmI4vQ1A6VG52dquTFx8oNTWk.jpg,Im Westen nichts Neues,서부 전선 이상 없다,2022-10-07,7.9,
27,539681,/4L7hgezinra0QudLN8HPv8c3af1.jpg,DC League of Super-Pets,DC 리그 오브 슈퍼-펫,2022-07-27,7.5,
28,766507,/eicYAopFKOL3orcNTJZ4TGtZQQ1.jpg,Prey,프레이,2022-08-05,7.9,
29,507086,/odxdUZWZ7fBfy3ZRj063wuJnZvo.jpg,Jurassic World Dominion,쥬라기 월드: 도미니언,2022-06-01,7,
30,1034541,/A2ouWngHdomaAyFAPMI7VOpOLvS.jpg,Terrifier 3,Terrifier 3,,0,
31,76600,/9qj8mfjKkWiXPAlWx7zZeQDEH9O.jpg,Avatar: The Way of Water,아바타 2: 물의 길,2022-12-14,0,
32,610150,/uohymzBVaIYjbnoQstbnlia6ZPJ.jpg,ドラゴンボ?ル超 ス?パ?ヒ?ロ?,드래곤볼 슈퍼: 슈퍼 히어로,2022-06-11,8,
33,438148,/1heBUD8o0sgdqLWyeXkylR2POKb.jpg,Minions: The Rise of Gru,미니언즈 2,2022-06-29,7.5,
34,884363,/5YZ8JKV8i437z6O4YQ2IEzcSlsD.jpg,Togo,토고,2022-10-05,6.4,
35,361743,/jMLiTgCo0vXJuwMzZGoNOUPfuj7.jpg,Top Gun: Maverick,탑건: 매버릭,2022-05-24,8.3,
36,852046,/gnmN3Pp3B7sehENfjGJUlrwNxcr.jpg,Athena,아테나,2022-09-09,6.6,
37,19995,/zygmx5abXeDpr3fWYX4jlXFZ1wh.jpg,Avatar,아바타,2009-12-15,7.5,
38,916605,/bSqpOGzaKBdGkBLmcm1JJIVryYy.jpg,The Infernal Machine,인퍼널 머신,2022-09-23,6.9,
39,882598,/8ncuVFt4e0M2NTTsoPtbxfWN5dO.jpg,Smile,스마일,2022-09-23,6.8,
40,759507,/xDgnmbdWS59NtTPdzujdZGuPUPZ.jpg,Blackout,블랙아웃: 사라진 기억,2022-10-12,5.6,
41,848526,/2symxAMYXpJ9mJ8YOc2b5ZEKIAQ.jpg,Arsenault & Fils,Arsenault & Fils,2022-06-17,4.9,
42,634649,/voddFVdjUoAtfoZZp2RUmuZILDI.jpg,Spider-Man: No Way Home,스파이더맨: 노 웨이 홈,2021-12-15,8,
43,675353,/arCDDZdvamNY628gWJVjlCycf69.jpg,Sonic the Hedgehog 2,수퍼 소닉 2,2022-03-30,7.6,
44,760741,/xp6EOh0HEN4bx4ot8UfcYnUpT8U.jpg,Beast,비스트,2022-08-11,7,
45,619730,/9BXYLjXtSipBp2GfAlsri4i8hPC.jpg,Don't Worry Darling,걱정말아요 그대,2022-09-21,6.9,
46,453395,/vL5ktZauR0fZMDOHKjakb1idhuU.jpg,Doctor Strange in the Multiverse of Madness,닥터 스트레인지: 대혼돈의 멀티버스,2022-05-04,7.4,
47,913290,/pMlnxNg0NXmxlp5MHsQBGDWeU9j.jpg,Barbarian,바바리안,2022-09-08,7,
48,820067,/63SDXxNKOA4ZfXvRCkF9B1y14Us.jpg,映? 五等分の花嫁,극장판 5등분의 신부,2022-05-20,9.2,
49,1024530,/ulYkLO62DYxegMHYSnA9bF3cqLs.jpg,Grimcutty,그림커티,2022-10-10,5.6,
50,756999,/eJPIkRiYGnvQaPCZtTRTDmhMJVK.jpg,The Black Phone,블랙폰,2022-06-22,7.9,
51,1032950,/3retN9fNG3fXJlUjasDsyfZqT7T.jpg,Ostatnia Wieczerza,헬홀,2022-10-26,6.1,
52,969160,/gLnrBoSENk32SKjHDiZv7E4zwzK.jpg,Deinfluencer,Deinfluencer,2022-10-01,6,
53,585511,/nN2iHej7TyISjXC6Jl577aqpDHJ.jpg,Luck,럭,2022-08-05,7.9,
54,629176,/vwq5iboxYoaSpOmEQrhq9tHicq7.jpg,Samaritan,사마리탄,2022-08-25,6.9,
55,810693,/gHcga1wgDD4MAeApoOM7yDn9BOq.jpg,劇場版 呪術廻? 0,극장판 주술회전 0,2021-12-24,8.3,
56,1033107,/rITxQBtnMpneZf8QzH1dqONQocx.jpg,Wild Is the Wind,와일드 이즈 더 윈드,2022-10-28,5.8,
57,366672,/qXiIWXlDld14EBgcwlzzvi89y0g.jpg,Paws of Fury: The Legend of Hank,블레이드 퍼피 워리어,2022-07-14,6.7,
58,851644,/xM9Jt2sA6QcvLuHKM0RI3BMtFc5.jpg,20세기 소녀,20세기 소녀,2022-10-06,8.9,
59,429473,/5F6NM04jwwng3bUE2Q0lGNmFjmw.jpg,Lou,루,2022-09-23,6.7,
60,1005776,/g4Tg6R1MUTw0hef6Q7ohZHWk3O8.jpg,V/H/S/99,V/H/S/99,2022-09-15,6.3,
61,505642,/nPpS4H39AhDD8g5VPt6tQcFJNtL.jpg,Black Panther: Wakanda Forever,블랙 팬서: 와칸다 포에버,2022-11-09,8.5,
62,883083,/kJ1bSR2T16yzgRMSySpbAJzF3rM.jpg,You Won't Be Alone,혼자가 아닌,2022-04-01,6.6,
63,993145,/cj6YmTAU7Jvn3w6d2NfjQzpX7Pw.jpg,Bullet Proof,불릿 프루프,2022-08-19,5.6,
64,1034470,/a2a1Y6a6UriLJ0U7cGjphPOWQPK.jpg,Barbie Epic Road Trip,바비: 모험을 떠나요,2022-10-25,5,
65,335795,/tn3GWm0Erehkpur8PUuYWxGpul5.jpg,Monster High: The Movie,몬스터 하이: 더 무비,2022-10-06,7.1,
66,886396,/nBaVsNvUxIuvhPw3xTaAJIw8me4.jpg,Batman and Superman: Battle of the Super Sons,Batman and Superman: Battle of the Super Sons,2022-10-17,8,
67,568124,/b8gz7UKMwMz39mz6EH5Jjicjdth.jpg,Encanto,엔칸토: 마법의 세계,2021-10-13,7.7,
68,718789,/oMa5NjFxK8Csp6uVQ0tRuF1pWM5.jpg,Lightyear,버즈 라이트이어,2022-06-15,7.2,
69,744276,/fZqvzsekRXxRrtEKIWoAWP5eqe7.jpg,After Ever Happy,애프터: 에버 해피,2022-08-24,7,
70,508947,/hsOhOcX7qDy7bPwbrt1OoITngrf.jpg,Turning Red,메이의 새빨간 비밀,2022-03-01,7.5,
71,635302,/mxdVTei65ymzhJlalIEtR1qSgV2.jpg,劇場版「鬼滅の刃」無限列車編,극장판 귀멸의 칼날: 무한열차편,2020-10-16,8.3,
72,941959,/1iGVhDwTaLMPYVK2DeOLa1uAKjN.jpg,Un crimen argentino,Un crimen argentino,2022-08-25,6.2,
73,579974,/d0W61w08KPAxO63uuM0Xspxb27l.jpg,?????? ??? ??????,RRR: 라이즈 로어 리볼트,2022-03-24,7.8,
74,414906,/zGgrDMJCnE0s4EDX0L4X1wXFgZv.jpg,The Batman,더 배트맨,2022-03-01,7.7,
75,1015724,/wZccw4Hj9ZF1yimnfPsX9rl3HvB.jpg,Trick or Treat Scooby-Doo!,Trick or Treat Scooby-Doo!,2022-10-04,7.3,
76,800939,/sjfzr7bNLMw4u2HaTdRUxhDspuw.jpg,Ticket to Paradise,티켓 투 파라다이스,2022-09-08,6.9,
77,585083,/6zt5l4DYV1kLPL5Vqz1kLq3THXD.jpg,Hotel Transylvania: Transformania,몬스터 호텔 4: 뒤바뀐 세계,2022-02-25,7.1,
78,924482,/qXU3lr4YmyT8y6kaX1CcpRiqia2.jpg,The Ledge,더 렛지,2022-02-18,6.3,
79,1015602,/kxB9E6fo0ycHzd13oOTHmGa5Njd.jpg,Welcome to the Club,심슨 가족: 웰컴 투 더 클럽,2022-09-08,6.7,
80,1029446,/4a0X2GKDmhhp1U2FUKtKY6uNQHL.jpg,Selina's Gold,Selina's Gold,2022-10-24,5,
81,962232,/jv8PbopI3r3p0HrQJbLYcOzFHle.jpg,Depois do Universo,비욘드 유니버스,2022-10-27,7.8,
82,961427,/akWDID6zfsWHJhGCAAcbwbytU55.jpg,Spirit Halloween: The Movie,Spirit Halloween: The Movie,2022-09-30,6.8,
83,801071,/3Ib8vlWTrAKRrTWUrTrZPOMW4jp.jpg,The Jack in the Box: Awakening,The Jack in the Box: Awakening,2022-02-24,6.4,
84,864959,/t6P9l6tcVnWLS1ADUAfkUCGQhm0.jpg,The Curse of Bridge Hollow,브리지 홀로우의 저주,2022-10-14,6.9,
85,511817,/5dsX6UAHqkQz1kiV8bs8SvjyVNa.jpg,Wendell & Wild,웬델 & 와일드,2022-10-21,6.7,
86,752623,/8kZapNBZYGJu7AUbJVBDMmQgO1D.jpg,The Lost City,로스트 시티,2022-03-24,6.7,
87,960700,/epyZbxy59fLsYv7x2nsnuNT6qvt.jpg,鋼の?金術師 完結編 復讐者スカ?,강철의 연금술사 완결편: 복수자 스카,2022-05-20,7,
88,338953,/uvQbXjMgC5weQepx4jLJJ60H3N0.jpg,Fantastic Beasts: The Secrets of Dumbledore,신비한 동물들과 덤블도어의 비밀,2022-04-06,6.8,
89,541134,/cC1wNkQpvdkQPqmY5Io9HzglrlB.jpg,The Good Nurse,"그 남자, 좋은 간호사",2022-10-19,7.1,
90,921360,/b9ykj4v8ykjRoGB7SpI1OuxblNU.jpg,Wire Room,와이어 룸,2022-09-02,6.9,
91,768744,/rqyVJKWCZCWwYK5eDVYyo0jauN6.jpg,僕のヒ?ロ?アカデミア THE MOVIE ワ?ルド ヒ?ロ?ズ ミッション,나의 히어로 아카데미아 더 무비: 월드 히어로즈 미션,2021-08-06,7.6,
92,773867,/zukuy8slSFF1OpokjGtGwuMcAQV.jpg,서울대작전,서울대작전,2022-08-26,6.9,
93,629542,/k5TL1oBUqSr6dL9NlHGRr3vJcXd.jpg,The Bad Guys,배드 가이즈,2022-03-17,7.7,
94,580489,/1Lh9LER4xRQ3INFFi2dfS2hpRwv.jpg,Venom: Let There Be Carnage,베놈 2: 렛 데어 비 카니지,2021-09-30,6.9,
95,1007401,/xvjCiv1xNlK1kNnoe1nul899vIp.jpg,Mortal Kombat Legends: Snow Blind,Mortal Kombat Legends: Snow Blind,2022-10-09,8.1,
96,931925,/cDZRy7uNFZFlTWPgoA9q1TBDdHI.jpg,El gerente,El gerente,2022-10-20,8.2,
97,834734,/cXS43EsMQbFBiOljdzJJPhndUg8.jpg,Sicosexual,Sicosexual,2022-05-12,2,
98,961484,/nnfm6vscrAX8LDCC73T1OwdcalZ.jpg,Last Seen Alive,분노의 추격자,2022-05-19,6.5,
99,299536,/kmP6viwzcEkZeoi1LaVcQemcvZh.jpg,Avengers: Infinity War,어벤져스: 인피니티 워,2018-04-25,8.3,
100,975120,/k2v9xSPtiyxCNxaRGtj7COwdgG3.jpg,Padre no hay mas que Uno 3,Padre no hay mas que Uno 3,2022-07-15,7.7,
101,701952,/5OMeVCF5jZpCrrvJNEMMP0vOoIH.jpg,여친 엄마2,여친 엄마2,2018-08-30,2,
102,830788,/jcTq6gIskCsHlKDvCKKouEfiU66.jpg,The Invitation,디 인비테이션,2022-08-24,6.4,
103,43641,/3MgwChvi42N1RnhQE9A4pQVHyUY.jpg,Superman/Shazam!: The Return of Black Adam,슈퍼맨/샤잠!: 돌아온 블랙 아담,2010-11-16,7.2,
104,639933,/Aedz3vL7rC5fO0t7vQK7KUMwiW5.jpg,The Northman,노스맨,2022-04-07,7.2,
105,438695,/xe8dVB2QiCxLWFV77V4dpZcOvYB.jpg,Sing 2,씽2게더,2021-12-01,8,
106,782054,/1SJZmO5NbBEOLHYeou1OyfgcG9k.jpg,映?ドラえもん のび太の宇宙小?? 2021,도라에몽: 진구의 우주소전쟁 리틀스타워즈 2021,2022-03-04,5.6,
107,459151,/zGaeo3fNXCcnttUQMgZr1FW0t4V.jpg,The Boss Baby: Family Business,보스 베이비 2,2021-07-01,7.5,
108,919355,/zkGFADykBtfPfTv7YJooxTH52ph.jpg,Dragon Knight,드래곤 나이트,2022-03-21,7.1,
109,955644,/a3ZpDsvNCQUOD7ApAs9y3mFwVU4.jpg,Mia and Me: The Hero of Centopia,Mia and Me: The Hero of Centopia,2022-05-26,7.1,
110,848123,/2iKZNSMGMMJMJCPBP2zanLUsdru.jpg,Black Site,블랙 사이트,2022-05-05,7,
111,904039,/vwYx8HHQFlKFVK3Hs8U0Au6nKGa.jpg,Madagascar: A Little Wild Holiday Goose Chase,Madagascar: A Little Wild Holiday Goose Chase,2021-11-26,5.8,
112,526896,/8uiV88A5eB7PjMTtY6lQBUZ0Cpl.jpg,Morbius,모비우스,2022-03-30,6.3,
113,960875,/z0iZuYNM0hUyHZeldIdXf4aSrPy.jpg,Jaula,Jaula,2022-09-09,6.2,
114,818397,/fWkFnlCQLtfIBGnhMKVw2dttEDk.jpg,Memory,메모리,2022-04-28,7.1,
115,831410,/ciRq9QUBpFWNsFKs2opG5tP157.jpg,Bring It On: Cheer or Die,Bring It On: Cheer or Die,2022-09-27,6.5,
116,836225,/9X9wKbF0ED1AQpgIkvq0MG4Y4wi.jpg,The Exorcism of God,엑소시즘 오브 갓,2022-03-11,7.3,
117,724495,/438QXt1E3WJWb3PqNniK0tAE5c1.jpg,The Woman King,더 우먼 킹,2022-09-15,7.5,
118,1025169,/seeEc3xNttsx308AB0iFtqKVyjG.jpg,13 ??????: ??????????????????,더 트랩트 13: 태국 동굴 조난 사건,2022-10-05,6.3,
119,897338,/n7gVho5g4IFqnbBJL8ATqG53UH4.jpg,The Bad Seed Returns,The Bad Seed Returns,2022-09-05,7.6,
120,597922,/dXrBUpSXsqn09Trf8KKsQMIwDfH.jpg,The Greatest Beer Run Ever,지상 최대 맥주배달 작전,2022-09-30,7.9,
121,626735,/6Kcy1Pt0RSlD6yvTx0oGG1wpIsH.jpg,Dog,도그,2022-02-17,7.4,
122,474350,/kkkS7NYPY4QZcZY6vfkAx0vjJRa.jpg,It Chapter Two,그것: 두 번째 이야기,2019-09-04,6.9,
123,999205,/lDzoW7XAi10TkGXIswqw3nMyOqd.jpg,Stowaway,더 요트,2022-08-31,6.9,
124,968857,/1uy2PNFwtkqH3mhGd6irk5aeIrF.jpg,Looks Can Kill,Looks Can Kill,2022-02-01,5.3,
125,3933,/AinoobwUR3mDspc1O9exQHgUAyv.jpg,Corpse Bride,유령 신부,2005-09-12,7.5,
126,335787,/2R8smeSDkPx6TKIRveKPXi0JVI6.jpg,Uncharted,언차티드,2022-02-10,7.1,
127,1006851,/khcVwO0gwguC1CndbxtH1bzk4aj.jpg,Office Invasion,오피스 인베이전,2022-08-10,5.8,
128,829560,/4N9BqdesW3YD7ZM2dlTOYefkCEM.jpg,The Next 365 Days,또 다른 365일,2022-08-19,6.6,
129,843241,/c6LuZgSe1FFbnSPrZWyvh9f4ZEs.jpg,劇場版 七つの大罪 光に呪われし者たち,일곱 개의 대죄: 빛에 저주받은 자들,2021-07-02,7.8,
130,1008779,/ksxiXqwPuEjh3gct1zUpyzNoQFt.jpg,La Princesa,La Princesa,2022-02-01,7.4,
131,932339,/aDUWcbmzKM2CwkDbXixVvQbTYbo.jpg,Un novio para mi mujer,Un novio para mi mujer,2022-07-22,4.7,
132,1012801,/8qb8cLDBAWdahrtixN2mQdI6e52.jpg,Barbie: Mermaid Power,Barbie: Mermaid Power,2022-10-14,7.4,
133,843633,/lG56H40Y1BuHSPoWtEgDJsSgDBZ.jpg,White Elephant,화이트 엘리펀트,2022-06-03,6.6,
134,877957,/3w0KOMiF7AHpLr9fnJnBLjFry0A.jpg,雨を告け?る漂流?地,표류단지,2022-09-09,7.8,
135,337404,/ejnSfKiUgqyiqdiLMc1wGAwvyTN.jpg,Cruella,크루엘라,2021-05-26,8.1,
136,1010818,/lSONYnVc2tfzsQuenZgzawQtW2c.jpg,Groot's First Steps,그루트의 첫 발자국,2022-08-10,7.3,
137,9479,/aWUy907W9OtypP3iWO3wWvu4641.jpg,The Nightmare Before Christmas,팀버튼의 크리스마스 악몽,1993-10-09,7.8,
138,951368,/2OOYNZLKjdX8Z5KNyz7zZnHmodJ.jpg,Your Boyfriend Is Mine,Your Boyfriend Is Mine,2022-03-19,6.8,
139,755566,/8utntaGYeQI5NDKgnA5ioIMW92w.jpg,Day Shift,데이 시프트,2022-08-12,6.9,
140,774825,/iKFpQoNiS2q9AZ3dEPv1zfkmHvs.jpg,The Ice Age Adventures of Buck Wild,아이스 에이지: 벅의 대모험,2022-01-28,6.7,
141,671,/unEtC8uWn2lcQLnwKG9PZJX0h0c.jpg,Harry Potter and the Philosopher's Stone,해리 포터와 마법사의 돌,2001-11-16,7.9,
142,672,/sfs4U6XpiKFngbbSzrpZbkM1ySI.jpg,Harry Potter and the Chamber of Secrets,해리 포터와 비밀의 방,2002-11-13,7.7,
143,508943,/cgQMmwPtSInmIvoQLJhoByBelGA.jpg,Luca,루카,2021-06-17,7.9,
144,798544,/xKH44zYwhviUnnkOy7ReZeEcIp3.jpg,サマ?ゴ?スト,썸머 고스트,2021-11-12,7.6,
145,576925,/5VyE5mg3RTijif9HRB39eeYpW0i.jpg,Бука. Моё любимое чудище,Бука. Моё любимое чудище,2022-01-27,6.3,
146,484907,/kgaadQfeX9yi30oBCreM7cxurqj.jpg,Homebound,홈바운드,2022-04-01,3.1,
147,762504,/52McjY2vAEiF0lJe8iBdOBNuyok.jpg,Nope,놉,2022-07-20,7,
148,791373,/qd7iPB26bwMPZqRcnflzAeDkMn.jpg,Zack Snyder's Justice League,잭 스나이더의 저스티스 리그,2021-03-18,8.2,
149,111332,/sjf3xjuofCtDhZghJRzXlTiEjJe.jpg,Avatar: Creating the World of Pandora,Avatar: Creating the World of Pandora,2010-02-07,7.4,
150,1014226,/wHowKf77gNZbVo9yu5ggiNBFCdJ.jpg,Sonr?e,Sonr?e,2022-08-18,1,
151,674,/h6BhNwNXg0IEbs2PoWfCX9QEvgl.jpg,Harry Potter and the Goblet of Fire,해리 포터와 불의 잔,2005-11-16,7.8,
152,838197,/yt40jRlEkpx34XbxlZqvotFRGzW.jpg,...Altrimenti ci arrabbiamo!,"다 비켜, 우리 화났어",2022-03-23,5.4,
153,524434,/aNtAP8ZzUMdnCPoqYgVOcgI0Eh4.jpg,Eternals,이터널스,2021-11-03,7,
154,820232,/3vlBg3kTsHioTy7owIDXFHNXBNk.jpg,鬼滅の刃 兄妹の絆,귀멸의 칼날: 남매의 연,2019-03-29,8.2,
155,566525,/14L4NGrqO4r7gJtVRiSRP5rNsL5.jpg,Shang-Chi and the Legend of the Ten Rings,샹치와 텐 링즈의 전설,2021-09-01,7.7,
156,324786,/nlvcNogJK9R9iIj0YINApQE36FF.jpg,Hacksaw Ridge,핵소 고지,2016-10-07,8.2,
157,927341,/etc6HKBEhNySNnYU2nRgbSeIyoW.jpg,Hunting Ava Bravo,Hunting Ava Bravo,2022-04-01,6.5,
158,894205,/7xjqr2e1Eu4008Wk8JlipNtyVlD.jpg,Werewolf by Night,웨어울프 바이 나이트,2022-09-25,7.1,
159,829280,/S6fDnntDjduIWuLW2GcqFasobD.jpg,Enola Holmes 2,에놀라 홈즈 2,2022-11-04,8,
160,303857,/e6kmwINMGyPNxuoZyjIlhiXyYGH.jpg,ドラゴンボ?ルZ 復活の「F」,드래곤볼 Z - 부활의 'F',2015-04-18,6.8,
161,808,/hABnmgdAU3u6Nu61b9GUGaOseVl.jpg,Shrek,슈렉,2001-05-18,7.7,
162,667276,/fR49hZdFJ6ZtRS23JW79VYmZgI7.jpg,Las Leyendas: El Origen,레전드 퀘스트: 오리진,2021-02-15,8.2,
163,803114,/i0z8g2VRZP3dhVvvSMilbOZMKqR.jpg,The Requin,더 리퀸,2022-01-28,5,
164,767,/fHfnrfpQXt91XN4XBh9DMDFuYdq.jpg,Harry Potter and the Half-Blood Prince,해리 포터와 혼혈왕자,2009-07-07,7.7,
165,1010821,/2X8Bu04YhXDhr8I8DWavQ0MIfLC.jpg,Groot Takes a Bath,그루트의 샤워타임,2022-08-10,7,
166,14836,/iGp4wBc0ZBVFd2HPicyDgl6Pn1r.jpg,Coraline,코렐라인: 비밀의 문,2009-02-05,7.8,
167,802699,/rxu2MgncYDe6CGSASAwIaC4SHbR.jpg,とつくにの少女,바깥 나라의 소녀,2022-03-10,6.5,
168,406759,/2xmJCxrt5t2dFhvwvmxZ5Cy577j.jpg,Moonfall,문폴,2022-02-03,6.4,
169,759175,/9pCoqX24a6rE981fY1O3PmhiwrB.jpg,The Princess,프린세스,2022-06-16,6.9,
170,997120,/taqtPkSWomddTWsGAvJd7hIBAU1.jpg,Sniper: Rogue Mission,스나이퍼: 로그 미션,2022-08-15,6.8,
171,347201,/pvYHOrNCdlJR9uiVvxyqAfIeA3a.jpg,BORUTO -NARUTO THE MOVIE-,보루토 - 나루토 더 무비,2015-08-07,7.6,
172,560057,/axtQ6KM40hpwhcEJy0UNZ9rXOLV.jpg,The Sea Beast,씨 비스트,2022-06-24,7.6,
173,673,/anwNl1xbzXoj5Ax1nVw3WoDzHlw.jpg,Harry Potter and the Prisoner of Azkaban,해리 포터와 아즈카반의 죄수,2004-05-31,8,
174,610253,/87R745i8LjYlHLEPoVUswZCFwQb.jpg,Halloween Kills,할로윈 킬즈,2021-10-14,6.6,
175,460465,/3dTg1pgasstOa0XJTwt3dBFHjFf.jpg,Mortal Kombat,모탈 컴뱃,2021-04-07,7.2,
176,760104,/A7YPhQKdcr6XB1kCUdS4tHifYWd.jpg,X,X,2022-03-17,6.8,
177,781099,/iiclsw6zgRJz5D5Cc6sn4Cs9GQo.jpg,Inexorable,멈출 수 없는,2022-03-31,5.7,
178,423108,/yxPlLa5p54Wk1o2koiW4hqn4wfG.jpg,The Conjuring: The Devil Made Me Do It,컨저링 3: 악마가 시켰다,2021-05-25,7.6,
179,602223,/bZrStEjqKMRCywomPZiPkOWZpXL.jpg,The Forever Purge,더 퍼지: 포에버,2021-06-30,7.1,
180,675,/LcI8YBTxxsVVfxyJPkTM4nsFS6.jpg,Harry Potter and the Order of the Phoenix,해리 포터와 불사조 기사단,2007-06-28,7.7,
181,436969,/1FiLuxuowOusZAG1vvI4TorMuNG.jpg,The Suicide Squad,더 수어사이드 스쿼드,2021-07-28,7.6,
182,20982,/vaEX9f8ud7iF0G7EoyGxAyRNV1p.jpg,劇場版 NARUTO -ナルト- 疾風?,나루토 질풍전 극장판 1기 - 나루토의 죽음,2007-08-04,7.2,
183,635891,/alReTtKikeYcZodWsw4XOaVsCqL.jpg,Clerks III,점원들 3,2022-09-04,6.7,
184,1022206,/28E42Ea3Ml3cjvUMHaSqeGYXBfI.jpg,Esposa de Aluguel,아내 빌리기,2022-10-11,6.5,
185,726684,/19Jdd4BTk38rruxoi05JxstFIda.jpg,"Miraculous World: Shanghai, la l?gende de Ladydragon","미라큘러스 월드: 상하이, 레이디 드레곤의 전설",2021-05-15,7.9,
186,830784,/dN6XnCEP3AO7N4XFOFyZ8V8kZF5.jpg,"Lyle, Lyle, Crocodile","라일, 라일, 크로커다일",2022-10-07,7.2,
187,725201,/3weHvdbJ9RiSNHS0cz5694fkAnk.jpg,The Gray Man,그레이 맨,2022-07-13,7,
188,860623,/4B7liCxNCZIZGONmAMkCnxVlZQV.jpg,Last Man Down,라스트 맨 다운,2022-11-03,6.3,
189,299534,/z7ilT5rNN9kDo8JZmgyhM6ej2xv.jpg,Avengers: Endgame,어벤져스: 엔드게임,2019-04-24,8.3,
190,287003,/uCreCQFReeF0RiIXkQypRYHwikx.jpg,Avatar: Scene Deconstruction,Avatar: Scene Deconstruction,2009-12-18,8.3,
191,873125,/q5u1b1h90GgBaukDRnQKhCjvjFt.jpg,Rapiniamo il Duce,무솔리니의 보물을 털어라,2022-10-26,5.7,
192,585245,/95UXYFmoZiuChdC3qCo2jXdHGi8.jpg,Clifford the Big Red Dog,클리포드 더 빅 레드 독,2021-11-10,7.3,
193,826769,/jQHrbzVy6ptopxqUohV6PcmmVcY.jpg,Rosaline,로잘린,2022-10-11,7.5,
194,804413,/kJaEVFhDouD72GKANMkYqzQky9n.jpg,The Munsters,몬스터 가족,2022-09-27,6.2,
195,829557,/7qU0SOVcQ8BTJLodcAlulUAG16C.jpg,365 Days: This Day,365일: 오늘,2022-04-27,5.9,
196,460458,/3d1ij4MEw3h2AZv62C49ysDfuG1.jpg,Resident Evil: Welcome to Raccoon City,레지던트 이블: 라쿤시티,2021-11-24,6.1,
197,11932,/mAGviFp1ufYM3EaZBSrjPiKPBt6.jpg,Bride of Chucky,사탄의 인형 4: 처키의 신부,1998-10-16,6,
198,772450,/dgDT3uol3mdvwEg0jt1ble3l9hw.jpg,Presencias,Presencias,2022-09-07,7,
199,714888,/isLWtcB9TK3wLlTzEny2dPH6beh.jpg,"Argentina, 1985","아르헨티나, 1985년",2022-09-29,8.4,
200,10439,/sZUsvNRUmyuHTmCw0cxiu1CGv3s.jpg,Hocus Pocus,호커스 포커스,1993-07-16,7.1,
